{
  "type": "lightgbm",
  "features": [
    "ret_1d",
    "ret_3d",
    "ret_5d",
    "ret_10d",
    "ret_20d",
    "ret_60d",
    "price_vs_high_20",
    "price_vs_low_20",
    "price_vs_open",
    "price_accel_5",
    "price_accel_10",
    "volume_change_5d",
    "volume_change_10d",
    "volume_change_20d",
    "volume_ratio_5",
    "volume_ratio_20",
    "volume_surge_5",
    "volume_surge_20",
    "price_high_volume_low",
    "price_low_volume_high",
    "volume_price_corr_20",
    "ma_5",
    "price_vs_ma_5",
    "ma_10",
    "price_vs_ma_10",
    "ma_20",
    "price_vs_ma_20",
    "ma_30",
    "price_vs_ma_30",
    "ma_60",
    "price_vs_ma_60",
    "bb_width",
    "bb_position",
    "rsi_14",
    "macd",
    "macd_signal",
    "macd_hist",
    "atr_14",
    "atr_percent",
    "volatility_5d",
    "volatility_10d",
    "volatility_20d",
    "high_low_range",
    "close_open_range",
    "market_ret_5d",
    "market_ret_20d",
    "market_trend_50",
    "market_trend_200",
    "market_regime",
    "market_vol_20",
    "market_atr_pct",
    "rel_strength_5d",
    "rel_strength_20d",
    "amount_ratio_5",
    "amount_ratio_20",
    "avg_amount_20",
    "money_flow",
    "money_flow_20",
    "money_flow_ratio_20",
    "volume_per_price"
  ],
  "model_path": "lightgbm_fd1_excess_y3_thr2.lgb.txt",
  "impute": {
    "ret_1d": 0.010348998338141718,
    "ret_3d": 0.02313457540165689,
    "ret_5d": 0.030611312318298178,
    "ret_10d": 0.0433020144528942,
    "ret_20d": 0.0531788805236158,
    "ret_60d": 0.0881701256708482,
    "price_vs_high_20": 0.9593679458239278,
    "price_vs_low_20": 1.1084698822986383,
    "price_vs_open": 0.005799202609641174,
    "price_accel_5": -0.007297253823943271,
    "price_accel_10": -0.005194816877104047,
    "volume_change_5d": 0.31829423391600253,
    "volume_change_10d": 0.3838612206332932,
    "volume_change_20d": 0.34884564539971025,
    "volume_ratio_5": 1.1515218039160375,
    "volume_ratio_20": 1.21373233837938,
    "volume_surge_5": 0.0,
    "volume_surge_20": 0.0,
    "price_high_volume_low": 0.0,
    "price_low_volume_high": 0.0,
    "volume_price_corr_20": 0.6178310787790123,
    "ma_5": 11.574000000000002,
    "price_vs_ma_5": 0.014743356388787765,
    "ma_10": 11.325999999999999,
    "price_vs_ma_10": 0.024530009047954326,
    "ma_20": 11.1745,
    "price_vs_ma_20": 0.03443936406728487,
    "ma_30": 11.126833333333334,
    "price_vs_ma_30": 0.041504771082498615,
    "ma_60": 10.963533333333334,
    "price_vs_ma_60": 0.060003402701744535,
    "bb_width": 0.14989338565945254,
    "bb_position": 0.7927945171176188,
    "rsi_14": 58.685945022104534,
    "macd": 0.11953217753064393,
    "macd_signal": 0.07870771555995809,
    "macd_hist": 0.04076961375977839,
    "atr_14": 0.4000000000000001,
    "atr_percent": 0.03454673405412324,
    "volatility_5d": 0.022906515294082924,
    "volatility_10d": 0.02371882687091174,
    "volatility_20d": 0.024968190854398248,
    "high_low_range": 0.03586206896551721,
    "close_open_range": 0.005799202609641179,
    "market_ret_5d": 0.003958510798216075,
    "market_ret_20d": 0.018263773793380622,
    "market_trend_50": 0.018417738728287558,
    "market_trend_200": 0.08452552772853927,
    "market_regime": 1.0,
    "market_vol_20": 0.008632631939349919,
    "market_atr_pct": 0.01185212539798188,
    "rel_strength_5d": 0.026369157878339933,
    "rel_strength_20d": 0.03965544610955413,
    "amount_ratio_5": 1.1748272786994909,
    "amount_ratio_20": 1.2479613933741354,
    "avg_amount_20": 207041625.8,
    "money_flow": 140662760.0,
    "money_flow_20": 688910993.0,
    "money_flow_ratio_20": 0.17084661566888085,
    "volume_per_price": 21390.14423076923
  },
  "meta": {
    "task": "cls",
    "forward_days": 1,
    "years": 3,
    "val_topk": 0.8214967446029999,
    "val_corr": 0.2073473119587735,
    "val_rmse": 0.42547365093220646,
    "cls_threshold": 2.0,
    "cls_threshold_mode": "atr",
    "cls_drop_neutral": true,
    "cls_balance": "auto",
    "pos_rate": 0.8074816814500578,
    "label_mode": "excess",
    "recent_weight_months": 3,
    "recent_weight_mult": 1.5,
    "train_start": "2023-02-14",
    "train_end": "2026-02-13",
    "train_months": 12,
    "val_months": 4,
    "step_months": 2,
    "rolling": true,
    "rolling_days": false,
    "train_days": null,
    "val_days": null,
    "step_days": null,
    "no_refit": false,
    "best_window": [
      "2023-10-16",
      "2024-10-10",
      "2024-10-14",
      "2025-02-12"
    ]
  }
}